p_val,avg_log2FC,pct.1,pct.2,p_val_adj,marker,celltype,de
4.26341829674051e-284,0.984839341502194,0.491,0.323,1.62760256896366e-279,TNIK,Oli,Up reg
1.39186127808987e-196,3.8201162660137,0.058,0.005,5.31356961523589e-192,TMEM26,Oli,Up reg
1.40226311012622e-159,1.19913458940533,0.176,0.08,5.35327964921787e-155,AL445250.1,Oli,Up reg
1.2335622278373e-134,1.13787021670476,0.176,0.088,4.70924716099169e-130,ITPR2,Oli,Up reg
2.38308162001113e-101,0.622025630834652,0.22,0.131,9.09765239255448e-97,KCNAB1,Oli,Up reg
1.32367190022326e-89,1.1912431959168,0.135,0.07,5.05324984629233e-85,KIF19,Oli,Up reg
3.75946012964109e-86,0.649729683536964,0.314,0.224,1.43521149909178e-81,LRP4,Oli,Up reg
2.17006059398915e-79,0.953304807692824,0.133,0.071,8.28442332361297e-75,THBS4,Oli,Up reg
3.29293252896726e-67,0.806502485986194,0.132,0.075,1.25710992225854e-62,KCNK10,Oli,Up reg
1.02362750004834e-53,0.973050673066074,0.111,0.064,3.90780034418454e-49,AC022182.1,Oli,Up reg
2.50335208075426e-46,1.63995267363437,0.054,0.024,9.55679690348747e-42,ABCA9,Oli,Up reg
3.68055216154283e-36,2.05522156507787,0.022,0.007,1.40508759319059e-31,MYRFL,Oli,Up reg
1.03559030165095e-34,0.626489754580801,0.162,0.118,3.95346953558265e-30,LINC01470,Oli,Up reg
1.11031798265314e-33,0.771808755683751,0.084,0.052,4.23874993057662e-29,CHPT1,Oli,Up reg
4.38416849753528e-32,0.626680434353791,0.136,0.095,1.67370016561907e-27,APCDD1,Oli,Up reg
1.6590058616523e-31,1.35177199412545,0.034,0.015,6.33342077744381e-27,ITGB4,Oli,Up reg
4.4912905448348e-24,1.19058697690886,0.031,0.015,1.71459507839613e-19,FAP,Oli,Up reg
1.06938955396304e-22,0.721477833545146,0.108,0.078,4.08250156120932e-18,CLVS1,Oli,Up reg
1.26642770121571e-20,0.666533078611633,0.092,0.066,4.8347143921611e-16,GLIPR1L2,Oli,Up reg
1.14362021199275e-17,1.74514358738524,0.017,0.007,4.3658845213035e-13,HIF3A,Oli,Up reg
3.00234440456181e-15,0.764187984067319,0.047,0.031,1.14617499988552e-10,MYOT,Oli,Up reg
3.93862767132494e-14,0.69648754207145,0.065,0.047,1.50361049980501e-09,LINC00909,Oli,Up reg
5.0879816362258e-14,0.881708115688427,0.033,0.02,1.94238786944556e-09,ZNF334,Oli,Up reg
1.86070531641788e-12,0.932516559039568,0.019,0.01,7.10342861595692e-08,PTPRB,Oli,Up reg
6.39101500372314e-12,0.663055475422645,0.052,0.037,2.43983388782134e-07,LRMDA,Oli,Up reg
1.61795699124019e-10,0.750784414872187,0.036,0.024,6.17671260975853e-06,H2AFY2,Oli,Up reg
1.80153465146513e-09,0.912467595548047,0.023,0.014,6.87753868543328e-05,AL133480.1,Oli,Up reg
2.28864126972927e-08,0.899917068553526,0.056,0.043,0.000873711691131845,MIR4300HG,Oli,Up reg
6.46246781639624e-08,0.711907395611518,0.023,0.015,0.00246711171358743,VSX1,Oli,Up reg
6.87070730455999e-07,0.766919237936166,0.023,0.016,0.0262296122058882,AP001783.1,Oli,Up reg
8.37170015765856e-07,0.812514961745391,0.024,0.017,0.0319598025218773,ELK3,Oli,Up reg
9.03105414054153e-07,1.01153192267147,0.013,0.008,0.0344769522869314,AC010528.1,Oli,Up reg
9.26779388006032e-07,0.78140036649849,0.014,0.008,0.0353807299165183,ZNF534,Oli,Up reg
1.83471557292037e-78,0.641921298016575,0.482,0.346,7.00421017118082e-74,NLGN4Y,In,Up reg
6.2636265657492e-76,0.611337432711979,0.728,0.709,2.39120207774042e-71,SYN3,In,Up reg
1.31013226646222e-13,0.695225545049035,0.305,0.273,5.00156094044617e-09,AC007563.2,In,Up reg
6.29959675448431e-13,1.3318896922128,0.076,0.05,2.40493405699193e-08,MEPE,In,Up reg
5.67446130516534e-09,0.930821806963049,0.174,0.149,0.000216628234785992,TOGARAM2,In,Up reg
6.26035305726684e-08,0.761254048352849,0.265,0.249,0.00238995238314219,PNPLA7,In,Up reg
5.81679932115687e-07,0.857182516021452,0.208,0.191,0.0222062130884485,CENPJ,In,Up reg
1.19372200146434e-06,0.643085829175011,0.116,0.095,0.0455715311279027,ZFY,In,Up reg
1.6273809843432e-142,1.39359984487662,0.176,0.082,6.2126896458286e-138,TOGARAM2,Ex,Up reg
1.93750514807691e-71,0.607573389288212,0.372,0.298,7.39661965329842e-67,CENPJ,Ex,Up reg
8.19863242420748e-69,2.08593691135964,0.05,0.015,3.12990991426545e-64,ALLC,Ex,Up reg
5.89368851068533e-58,0.748672200679323,0.249,0.182,2.24997452583923e-53,ARHGAP28,Ex,Up reg
6.75633327844353e-54,0.810275078185797,0.184,0.124,2.5792977923786e-49,NXN,Ex,Up reg
7.25855456656687e-42,1.18738975099689,0.107,0.066,2.77102579133257e-37,WDR64,Ex,Up reg
1.26746070823744e-28,1.22675323394463,0.046,0.023,4.83865799976727e-24,HSD11B2,Ex,Up reg
8.52701719253447e-28,1.11548594719558,0.049,0.026,3.25527408342196e-23,LINC02080,Ex,Up reg
1.93319834743044e-24,1.28233865936749,0.043,0.023,7.38017801115046e-20,AC097487.1,Ex,Up reg
1.75799834615652e-23,0.886056260781188,0.077,0.05,6.71133448628711e-19,TNS3,Ex,Up reg
6.12613568223461e-22,0.922568186767283,0.06,0.037,2.33871355804988e-17,WDR63,Ex,Up reg
9.88821924039583e-21,0.927494421033368,0.064,0.041,3.77492657721351e-16,CFAP97D2,Ex,Up reg
1.34282442324388e-20,1.29405874086243,0.036,0.019,5.12636651817582e-16,PTGDR,Ex,Up reg
1.91418397128711e-20,0.723514135794344,0.117,0.087,7.30758872878566e-16,Z99774.1,Ex,Up reg
3.21185756331689e-20,0.725786299615503,0.12,0.09,1.22615874337186e-15,AC009093.2,Ex,Up reg
1.50994997544351e-18,0.66860411453869,0.06,0.039,5.76438502625316e-14,TMEM26,Ex,Up reg
1.38115601270967e-17,1.27663069887777,0.023,0.011,5.27270119412042e-13,AP005901.2,Ex,Up reg
1.67377773186411e-17,0.650460548734552,0.141,0.111,6.38981386916444e-13,AF279873.3,Ex,Up reg
4.18052526367742e-17,0.715488430392003,0.051,0.032,1.59595732466149e-12,AP001025.1,Ex,Up reg
5.19830368609829e-17,0.611726319408152,0.127,0.099,1.98450441520488e-12,OR2M4,Ex,Up reg
2.60966852642652e-16,0.997422750274903,0.025,0.013,9.96267056648588e-12,LINC02540,Ex,Up reg
1.0313083448446e-15,0.895629732194101,0.051,0.033,3.93712273727874e-11,GLYAT,Ex,Up reg
3.79716410456118e-15,0.779752620492532,0.048,0.031,1.44960536855728e-10,OGN,Ex,Up reg
7.63000659553893e-15,0.796805544044179,0.074,0.053,2.91283131791294e-10,AC012074.1,Ex,Up reg
2.37261106738035e-14,0.89165886111373,0.046,0.029,9.05768001083121e-10,PMFBP1,Ex,Up reg
4.58075415641588e-14,0.858156510971085,0.04,0.025,1.74874870675333e-09,PDGFRL,Ex,Up reg
5.5735921074389e-14,0.797403607445357,0.079,0.059,2.12777452293587e-09,NPIPB2,Ex,Up reg
1.27480442653212e-11,0.690614682479284,0.074,0.056,4.86669337872902e-07,AC026167.1,Ex,Up reg
1.6330851396511e-10,0.863547539752896,0.046,0.032,6.23446582913205e-06,GOLGA6L10,Ex,Up reg
2.1333195525839e-10,0.752684065115552,0.038,0.026,8.14416072394429e-06,FAM66E,Ex,Up reg
9.21216467311189e-10,0.714746818378124,0.051,0.037,3.5168359856072e-05,HEBP2,Ex,Up reg
2.19579638027853e-09,0.984576032068412,0.016,0.009,8.3826722613513e-05,IL33,Ex,Up reg
2.86051240690336e-09,0.67065270084858,0.044,0.031,0.000109202921645943,AC004485.1,Ex,Up reg
3.78830221154295e-09,0.78305560754294,0.043,0.03,0.000144622225227864,AL662844.4,Ex,Up reg
4.33433944494064e-08,0.704268301811931,0.057,0.044,0.00165467742650054,LINC01990,Ex,Up reg
5.95251851983713e-08,0.706876508761709,0.04,0.029,0.00227243347013302,AC003684.1,Ex,Up reg
1.09026008234508e-07,0.616377772277975,0.042,0.031,0.00416217689036058,KANK2,Ex,Up reg
3.30239328445319e-07,0.721294199779307,0.029,0.02,0.0126072166027285,LINC00290,Ex,Up reg
3.84983688102534e-07,0.858258966910209,0.015,0.009,0.0146971372770023,EBF3,Ex,Up reg
7.45578664617252e-07,0.755560349549294,0.032,0.023,0.0284632111004282,MGAM,Ex,Up reg
7.53234353458278e-07,0.728878468123797,0.033,0.024,0.0287554746776232,CASP7,Ex,Up reg
5.29115439174477e-07,1.6736027583389,0.417,0.165,0.0201995110059248,GLI3,Mes,Up reg
6.75794028307078e-216,1.46384961825,0.7,0.338,2.5799112824651e-211,COLEC12,Ast,Up reg
1.22797984811366e-163,0.947740434619299,0.788,0.487,4.68793586815871e-159,GFAP,Ast,Up reg
2.25901373219621e-103,1.01467407220695,0.678,0.438,8.62401082403223e-99,PLEKHA5,Ast,Up reg
1.38673829273541e-98,0.797413774505612,0.792,0.611,5.2940121063467e-94,TAB2,Ast,Up reg
1.3620735877603e-92,1.04162411364294,0.482,0.245,5.19985212863373e-88,PLCE1,Ast,Up reg
2.68708730438348e-91,1.17716912657108,0.591,0.361,1.02582244932144e-86,TMTC1,Ast,Up reg
3.85923269162277e-90,1.16326274118609,0.608,0.384,1.47330067235391e-85,MAOB,Ast,Up reg
1.37741951872602e-85,1.09231769608612,0.475,0.252,5.25843675468845e-81,SYTL4,Ast,Up reg
1.43446568779389e-84,1.31777328428312,0.458,0.254,5.47621620972194e-80,ARHGEF3,Ast,Up reg
5.01055326706961e-82,1.81450677571092,0.283,0.108,1.9128288152365e-77,RFTN1,Ast,Up reg
2.89374083896197e-78,1.20338153965262,0.441,0.234,1.10471450268212e-73,CFAP54,Ast,Up reg
2.25226780757274e-72,1.33779370375878,0.319,0.142,8.59825758218968e-68,GMPR,Ast,Up reg
2.84080014410993e-72,1.29575508920828,0.385,0.197,1.08450386301541e-67,CFAP47,Ast,Up reg
1.48779826027752e-59,1.12744687772589,0.372,0.199,5.67981863843548e-55,COL21A1,Ast,Up reg
1.22865727799511e-55,0.887522872806795,0.431,0.249,4.69052202447414e-51,WDR49,Ast,Up reg
4.66813287457947e-54,0.970736196513254,0.608,0.464,1.78210640619946e-49,TPST1,Ast,Up reg
4.35554016080145e-51,0.954134905710153,0.302,0.151,1.66277101178756e-46,TOGARAM2,Ast,Up reg
4.27910026272742e-47,1.06808939541177,0.29,0.148,1.63358931629882e-42,SERPINI2,Ast,Up reg
1.35816058201975e-44,1.4001499178292,0.147,0.05,5.18491383791861e-40,LMO2,Ast,Up reg
9.09667975379922e-38,1.55662388949623,0.146,0.057,3.47274846281039e-33,FAP,Ast,Up reg
6.91294180080797e-36,0.782816712469445,0.35,0.216,2.63908466187645e-31,LGALS3,Ast,Up reg
2.21076511968883e-35,1.86069346370989,0.116,0.04,8.43981692092409e-31,AC018618.1,Ast,Up reg
5.1797658780225e-35,1.11477052314631,0.156,0.064,1.97742742159387e-30,TNFRSF11B,Ast,Up reg
1.31729840146392e-34,1.27373217069332,0.172,0.076,5.02891837742867e-30,EMP1,Ast,Up reg
2.20741082241564e-34,0.729202039425341,0.393,0.257,8.42701155565393e-30,CD109,Ast,Up reg
5.69204065469874e-34,0.926416402696499,0.386,0.259,2.17299344033779e-29,C2CD2,Ast,Up reg
9.58419269936888e-33,1.50410608965346,0.102,0.033,3.65886140491106e-28,RASGEF1A,Ast,Up reg
1.15332187723745e-32,0.674221217890877,0.41,0.277,4.40292159854168e-28,CNTNAP3,Ast,Up reg
4.69407126320751e-31,0.973928260248653,0.224,0.119,1.7920086454421e-26,TRMT9B,Ast,Up reg
1.00087507198395e-30,0.632758593794201,0.238,0.127,3.82094067480592e-26,GALNT15,Ast,Up reg
2.55915060625639e-30,0.867148267668475,0.252,0.143,9.76981335444439e-26,FAM20C,Ast,Up reg
9.13676239246716e-29,1.99867463429179,0.08,0.024,3.48805041094826e-24,AL031056.1,Ast,Up reg
4.51859592408297e-28,0.802789767824033,0.262,0.157,1.72501917997792e-23,SYNM,Ast,Up reg
3.37780681248896e-27,2.27071716324881,0.09,0.031,1.28951152873578e-22,C6orf118,Ast,Up reg
3.92640635286351e-26,1.42917711478862,0.111,0.045,1.49894488926917e-21,IL1R1,Ast,Up reg
5.02492595446191e-26,1.23243868010495,0.096,0.035,1.91831573237538e-21,SUSD4,Ast,Up reg
1.10040813827537e-24,1.83079665731097,0.068,0.02,4.20091810868005e-20,C1orf87,Ast,Up reg
6.36863373068041e-24,1.3058144408212,0.121,0.055,2.43128961302455e-19,DEPP1,Ast,Up reg
9.48668958409816e-24,0.723207153217164,0.269,0.17,3.62163861562531e-19,P2RY14,Ast,Up reg
8.89077391082351e-23,1.30635003551977,0.084,0.031,3.39414184819598e-18,C1R,Ast,Up reg
2.56470913807729e-22,1.58633210967097,0.063,0.019,9.79103360552388e-18,TMPRSS3,Ast,Up reg
5.57581197787835e-21,0.647354734225294,0.227,0.139,2.12862198067484e-16,TMBIM1,Ast,Up reg
3.13849182702406e-20,0.731960406100221,0.173,0.097,1.1981506398847e-15,C1RL,Ast,Up reg
4.38973328403426e-18,1.93993064876568,0.037,0.008,1.67582457851292e-13,SOCS3,Ast,Up reg
1.34875025976478e-17,0.640949335413399,0.181,0.108,5.14898899167803e-13,CHI3L1,Ast,Up reg
1.46781221948921e-17,1.35928629780085,0.074,0.03,5.603519929122e-13,DLEC1,Ast,Up reg
2.44650557149837e-17,1.56584659453129,0.104,0.051,9.33977966975218e-13,LINC01411,Ast,Up reg
4.36065010536558e-17,2.70257133128104,0.028,0.005,1.66472178422437e-12,APOL4,Ast,Up reg
3.62801333756678e-16,0.73758218684572,0.113,0.058,1.3850303717495e-11,SERPING1,Ast,Up reg
3.9860915855765e-16,0.692117314196452,0.141,0.08,1.52173032370968e-11,IFI16,Ast,Up reg
4.70434762915826e-16,0.977788516372116,0.131,0.073,1.79593175090746e-11,MT1F,Ast,Up reg
1.33201702015188e-15,1.6773808508012,0.064,0.025,5.08510817613183e-11,LINC01876,Ast,Up reg
1.72715470330724e-15,1.49916442516366,0.081,0.037,6.59358579534574e-11,AC036108.3,Ast,Up reg
6.66026228639626e-15,0.67387400731793,0.155,0.094,2.54262173045464e-10,CADM3,Ast,Up reg
7.92314341272795e-15,2.1324953655906,0.045,0.015,3.02473922924302e-10,IQCM,Ast,Up reg
1.37138446545469e-14,0.641369599177925,0.169,0.104,5.23539733531983e-10,RGR,Ast,Up reg
4.94299477687716e-14,1.13313898975323,0.078,0.037,1.88703768602062e-09,PI16,Ast,Up reg
1.50368518323918e-13,0.792295568228327,0.131,0.077,5.74046855553388e-09,SLC25A24,Ast,Up reg
1.41265591060909e-12,0.769647098107511,0.136,0.083,5.39295520434126e-08,NOD1,Ast,Up reg
4.65372973163293e-12,1.24237355758697,0.047,0.019,1.77660786234819e-07,GBP2,Ast,Up reg
8.94996474598005e-12,1.09213881558548,0.081,0.042,3.41673854142535e-07,CCDC170,Ast,Up reg
9.77682868414086e-12,1.07869931873145,0.037,0.013,3.73240211845761e-07,CCL2,Ast,Up reg
4.7837208848958e-11,0.816732794317759,0.087,0.048,1.82623328501782e-06,CNTNAP1,Ast,Up reg
5.89140148831298e-10,1.46901423915959,0.044,0.019,2.24910143217836e-05,A4GALT,Ast,Up reg
9.77557439021564e-10,0.784010649041058,0.116,0.073,3.73192327920872e-05,EGF,Ast,Up reg
3.87259739947159e-09,1.92397151346475,0.029,0.01,0.000147840278322228,OSTN,Ast,Up reg
4.37599283527119e-09,0.93260347340125,0.064,0.034,0.000167057902479313,FAM89A,Ast,Up reg
5.67470316177169e-09,0.873306391850549,0.099,0.061,0.000216637467903796,CCDC190,Ast,Up reg
6.19843636327764e-09,0.703977742567242,0.043,0.019,0.000236631506604487,PTP4A3,Ast,Up reg
6.98455064396376e-09,0.827270546155573,0.072,0.041,0.00026664220538396,DNAH5,Ast,Up reg
7.50949884181423e-09,0.812297858389302,0.067,0.037,0.0002866826277851,MYO5C,Ast,Up reg
7.94168860704818e-09,0.908042868402234,0.084,0.05,0.000303181904262671,STPG1,Ast,Up reg
2.63595061925243e-08,0.632648579152117,0.14,0.098,0.00100630050840581,PTCH2,Ast,Up reg
4.02923721029626e-08,1.22342729595108,0.045,0.022,0.0015382015974027,MAFTRR,Ast,Up reg
5.39240303392063e-08,1.16055217895462,0.033,0.014,0.00205860378222954,RPE65,Ast,Up reg
7.49734619283712e-08,1.0165936818794,0.042,0.02,0.0028621868825775,FXYD3,Ast,Up reg
1.06178320185258e-07,1.05159918293277,0.039,0.018,0.00405346355139242,PCDHB7,Ast,Up reg
1.13787640505246e-07,0.648287688282572,0.061,0.034,0.00434395696392826,AC004470.1,Ast,Up reg
1.42777024222669e-07,0.631061572542654,0.124,0.086,0.00545065567672461,HAP1,Ast,Up reg
1.77805084547066e-07,1.47142230975112,0.052,0.028,0.0067878869076688,DRC1,Ast,Up reg
2.7424098687322e-07,2.27329243313457,0.022,0.007,0.010469423914872,AC026167.1,Ast,Up reg
4.38023101731574e-07,1.87604744517696,0.019,0.006,0.0167219699317046,P2RY6,Ast,Up reg
4.56568739850539e-07,0.700313760840929,0.079,0.049,0.0174299682125342,VASN,Ast,Up reg
5.73776714241789e-07,1.0265866622736,0.049,0.026,0.0219044998428946,RAI2,Ast,Up reg
5.75923889809869e-07,0.667670090036933,0.129,0.092,0.0219864704173816,TUBA1C,Ast,Up reg
8.77661186618629e-07,1.04391665695075,0.036,0.018,0.0335055934603528,CA1,Ast,Up reg
1.26445353619778e-06,1.53894980739063,0.016,0.005,0.0482717781978863,SPATA12,Ast,Up reg
2.07413122778322e-52,0.993697939880264,0.571,0.352,7.91820337518523e-48,FAM13C,Opc,Up reg
4.52314039393355e-35,1.48017904819782,0.201,0.077,1.72675407678807e-30,C16orf95,Opc,Up reg
2.14641143604073e-34,0.680919805613377,0.6,0.412,8.19414029822909e-30,BCL6,Opc,Up reg
4.67293052208896e-34,1.40661145249563,0.222,0.092,1.78393795611268e-29,ACAN,Opc,Up reg
4.67940950359262e-33,0.645668578364526,0.551,0.356,1.78641137209152e-28,GPNMB,Opc,Up reg
4.80343732391609e-33,2.37649003706584,0.098,0.019,1.83376023277821e-28,KIAA0040,Opc,Up reg
5.76326888783935e-32,0.795150395021754,0.48,0.312,2.20018553062155e-27,NPAS2,Opc,Up reg
3.76798317916571e-31,0.827506124085364,0.424,0.262,1.4384652584783e-26,RFX4,Opc,Up reg
1.75830593162442e-29,0.652576501214266,0.533,0.362,6.7125087245694e-25,SYN3,Opc,Up reg
3.11852070352356e-26,1.20633225265928,0.236,0.118,1.19052646377715e-21,OSMR,Opc,Up reg
9.40764650700419e-24,0.774436854768007,0.36,0.225,3.59146313051392e-19,PYGL,Opc,Up reg
9.36971745403627e-21,0.761564907388414,0.359,0.229,3.57698333525289e-16,FAR2,Opc,Up reg
1.08222214714576e-19,1.50452924493381,0.119,0.047,4.13149126894367e-15,ARID5A,Opc,Up reg
4.82867663541801e-18,1.3381556435576,0.126,0.054,1.84339559233718e-13,KLHDC8A,Opc,Up reg
2.06284269646919e-17,1.90612072375904,0.106,0.043,7.87510827804076e-13,NPTX2,Opc,Up reg
2.16469559090228e-17,0.944492740538252,0.222,0.126,8.26394188782856e-13,MAP1LC3B,Opc,Up reg
5.61098373632438e-17,0.610328351443448,0.311,0.197,2.14204915117919e-12,SLC6A11,Opc,Up reg
9.78704801574433e-17,1.3814198710378,0.112,0.047,3.73630345049056e-12,SRPX,Opc,Up reg
1.64799665135868e-16,0.659794286763498,0.311,0.202,6.29139201622692e-12,DNAH11,Opc,Up reg
1.96222047357588e-16,0.63816274568566,0.371,0.253,7.49097287992328e-12,IFI16,Opc,Up reg
2.15557782331656e-16,1.00425177596772,0.199,0.112,8.22913389829331e-12,SLC26A2,Opc,Up reg
1.29382610855285e-15,0.819491420209407,0.228,0.136,4.93931055201135e-11,HAP1,Opc,Up reg
5.37329820556842e-15,1.01672211940226,0.165,0.088,2.0513103229578e-10,CEBPD,Opc,Up reg
1.47696296056724e-14,0.821054451297232,0.208,0.123,5.63845379826149e-10,TTC6,Opc,Up reg
3.92345790100361e-14,0.970175026805258,0.176,0.099,1.49781928828714e-09,RPGR,Opc,Up reg
3.34391628783088e-13,1.10167050469654,0.098,0.044,1.27657348204232e-08,PRIMA1,Opc,Up reg
4.07373586229384e-13,1.26179389074272,0.092,0.039,1.5551894027893e-08,GADD45A,Opc,Up reg
8.72303073848246e-13,1.376210482208,0.075,0.029,3.33010421472307e-08,CAV3,Opc,Up reg
3.29996453592322e-12,0.912493333449418,0.169,0.099,1.25979446123405e-07,FAM20C,Opc,Up reg
8.50199816078939e-12,0.690826786537053,0.198,0.122,3.24572281786296e-07,RAB40B,Opc,Up reg
1.23868564122039e-11,0.823273247661783,0.143,0.079,4.72880630392296e-07,FMO5,Opc,Up reg
5.2806879821463e-11,1.05658412922846,0.092,0.043,2.01595544406417e-06,FAM107A,Opc,Up reg
5.58063703029421e-11,1.08246349982601,0.1,0.049,2.13046399268512e-06,NEURL1B,Opc,Up reg
4.54313340579884e-10,1.08343531475318,0.105,0.055,1.73438660899776e-05,RYR3,Opc,Up reg
5.07307110749098e-10,1.20105645920704,0.076,0.034,1.93669562599576e-05,ART3,Opc,Up reg
6.07343233115524e-10,1.30240564089907,0.08,0.037,2.31859352674182e-05,TNFRSF11B,Opc,Up reg
6.32095084615122e-10,0.852600191298251,0.142,0.083,2.41308619502669e-05,GYPC,Opc,Up reg
9.38794589730329e-10,1.14711557603611,0.095,0.049,3.5839422257545e-05,TMEM154,Opc,Up reg
6.2941260291564e-09,0.830347911605167,0.135,0.081,0.000240284555289075,AC009318.1,Opc,Up reg
1.02377564011753e-08,1.10113084019151,0.077,0.038,0.000390836588371268,LMO2,Opc,Up reg
1.89079408110208e-08,0.710999226246317,0.116,0.067,0.000721829548401532,CTBS,Opc,Up reg
2.150707637084e-08,1.21408553306089,0.104,0.059,0.000821054147533189,AZGP1,Opc,Up reg
2.22288755561022e-08,1.70478536432982,0.049,0.02,0.000848609553229757,AC244517.11,Opc,Up reg
2.92202702241632e-08,0.72509462439139,0.096,0.053,0.00111551303607766,SHMT1,Opc,Up reg
3.21048536968874e-08,0.645919094226878,0.097,0.053,0.00122563489473237,NHSL2,Opc,Up reg
8.81255594954359e-08,1.00174989012252,0.08,0.042,0.00336428135929776,AC023051.1,Opc,Up reg
1.07078572443419e-07,2.43294303230888,0.021,0.004,0.00408783158159997,CASZ1,Opc,Up reg
1.47617212599734e-07,0.813733095165468,0.098,0.057,0.00563543470820743,C9orf153,Opc,Up reg
1.91088744242284e-07,1.58883216575911,0.033,0.011,0.00729500390019342,IGSF3,Opc,Up reg
1.92261161651542e-07,1.0335425321349,0.08,0.043,0.00733976210720928,BEAN1,Opc,Up reg
1.93694917843626e-07,1.04383927891879,0.053,0.024,0.00739449718359827,SSUH2,Opc,Up reg
2.04157470968721e-07,1.19634381279386,0.049,0.021,0.00779391561170189,GOLGA6L10,Opc,Up reg
6.77597227121683e-07,1.26644906228444,0.054,0.025,0.0258679517425974,AC027312.1,Opc,Up reg
9.3466350737984e-07,1.07477234486156,0.066,0.034,0.0356817140577328,ABHD12B,Opc,Up reg
1.53267601443297e-117,1.88344394330291,0.683,0.283,5.8511439526993e-113,DPYD,Mic,Up reg
9.16615145157072e-103,1.38330827643204,0.733,0.346,3.49926997815164e-98,FOXP1,Mic,Up reg
1.30532176790563e-83,2.1044485133405,0.472,0.15,4.98319638115651e-79,CCDC26,Mic,Up reg
2.06473135154116e-66,1.36298968707499,0.525,0.213,7.88231840764355e-62,DOCK5,Mic,Up reg
5.82025751698363e-58,1.68857081609277,0.455,0.191,2.22194150968367e-53,TMEM163,Mic,Up reg
8.39744552890208e-53,1.24542148131335,0.53,0.253,3.20580880511366e-48,SCIN,Mic,Up reg
1.04588170548541e-51,1.44358631780903,0.451,0.193,3.99275799886109e-47,MS4A6A,Mic,Up reg
1.64962199704359e-51,1.24361165894227,0.501,0.227,6.29759693591361e-47,RNF150,Mic,Up reg
2.57147243013323e-44,1.66847258489868,0.296,0.091,9.81685314927662e-40,C22orf34,Mic,Up reg
6.00518924192952e-44,0.812353814600027,0.746,0.506,2.29254104499901e-39,TLR2,Mic,Up reg
3.1110899442033e-43,0.620322891408875,0.905,0.766,1.18768969709905e-38,FYB1,Mic,Up reg
1.42382929946575e-39,1.61273733620869,0.338,0.135,5.43561073364043e-35,CD163,Mic,Up reg
3.14415723051284e-39,1.45541512984423,0.348,0.144,1.20031346432058e-34,TBC1D8,Mic,Up reg
1.23564871273253e-37,1.28025172815881,0.378,0.166,4.7172125257277e-33,RASSF4,Mic,Up reg
1.77075620485305e-37,1.00490385802811,0.503,0.27,6.76003888764699e-33,KCNIP1,Mic,Up reg
4.50055797020547e-33,2.12891604334641,0.199,0.053,1.71813301070564e-28,ESR1,Mic,Up reg
8.32668812039889e-32,3.18695920128173,0.131,0.018,3.17879645684348e-27,AP001636.3,Mic,Up reg
2.44296667331932e-30,0.813611406689218,0.588,0.373,9.32626957206384e-26,TBC1D14,Mic,Up reg
1.04536280135754e-27,0.693528982530044,0.545,0.328,3.99077703046253e-23,TRPM2,Mic,Up reg
1.47906389598315e-25,0.722728292493015,0.555,0.359,5.64647432930526e-21,PTPN2,Mic,Up reg
6.30688309926514e-24,1.73905943124486,0.213,0.083,2.40771569197546e-19,SH3PXD2B,Mic,Up reg
2.43031283583263e-23,1.94979973126493,0.128,0.029,9.27796228207464e-19,CLEC2B,Mic,Up reg
4.17100785023935e-22,1.00894025800136,0.326,0.17,1.59232395690738e-17,LINC00278,Mic,Up reg
7.02275422191014e-22,0.989061049682976,0.254,0.112,2.68100665175641e-17,TRERF1,Mic,Up reg
1.05218171145628e-21,0.638327809350597,0.559,0.372,4.0168089016555e-17,VOPP1,Mic,Up reg
3.46341543063428e-21,0.960435532182983,0.286,0.141,1.32219347479894e-16,MFF,Mic,Up reg
3.9296871007109e-21,1.40841526378715,0.211,0.087,1.50019734756739e-16,THRB,Mic,Up reg
3.5158511986331e-20,1.21306441391773,0.231,0.104,1.34221135359017e-15,PVT1,Mic,Up reg
6.37197664684941e-19,0.653946339307387,0.393,0.232,2.43256580470123e-14,UGCG,Mic,Up reg
6.70512970802758e-19,1.04621201854139,0.273,0.14,2.55975031733661e-14,ABCA1,Mic,Up reg
7.21089309370342e-19,1.00041091165709,0.235,0.109,2.75283054745222e-14,NLRC5,Mic,Up reg
2.31689126641539e-18,2.03613993502527,0.117,0.032,8.84496409866737e-14,MS4A4E,Mic,Up reg
4.4693842082709e-18,1.57754685299344,0.135,0.043,1.7062321153495e-13,ACPP,Mic,Up reg
4.72375637284446e-18,0.672541502046263,0.431,0.264,1.8033412328971e-13,SRGAP3,Mic,Up reg
2.70930995046716e-17,0.74541446658602,0.289,0.151,1.03430616669034e-12,DLEU7,Mic,Up reg
1.49189031880552e-16,1.13821234914834,0.141,0.05,5.69544048107195e-12,F13A1,Mic,Up reg
2.2062712911844e-16,0.828759636283843,0.293,0.164,8.42266128122558e-12,PYGL,Mic,Up reg
2.2965493867787e-16,2.16837218280744,0.1,0.027,8.76730693896637e-12,PLAC8,Mic,Up reg
1.07645112441221e-15,0.673055408465061,0.368,0.223,4.10945981255606e-11,APOE,Mic,Up reg
1.73794002960478e-15,1.10851200951568,0.204,0.098,6.6347598570192e-11,MS4A4A,Mic,Up reg
6.27955120967457e-15,1.2952685546465,0.174,0.08,2.39728146980536e-10,CYP27A1,Mic,Up reg
1.34394583499379e-14,0.806697650925966,0.31,0.189,5.13064761967229e-10,ERC2,Mic,Up reg
1.89236391423692e-14,1.08408685661871,0.146,0.059,7.22428847899087e-10,IL15,Mic,Up reg
5.73600506909789e-14,1.01675680334764,0.198,0.099,2.18977729517881e-09,PSTPIP2,Mic,Up reg
1.06346990902806e-13,1.48504282461973,0.106,0.035,4.05990272470551e-09,CLECL1,Mic,Up reg
1.14271748175137e-13,0.676933117971077,0.26,0.145,4.36243825833404e-09,LY96,Mic,Up reg
1.73649152002093e-13,0.821095125424077,0.26,0.15,6.62923002683189e-09,TNFSF13B,Mic,Up reg
2.07969059358608e-13,1.00837836003308,0.186,0.093,7.93942681007423e-09,ADGRE2,Mic,Up reg
2.49861415191502e-13,1.60886492799225,0.105,0.036,9.53870938635078e-09,SLC9A7,Mic,Up reg
2.99341786427976e-13,0.861490460498291,0.226,0.123,1.14276720386744e-08,BCL6,Mic,Up reg
5.19061363193024e-13,0.985612667387909,0.171,0.082,1.98156866012569e-08,TRIM14,Mic,Up reg
1.09653083045014e-12,0.752394254601774,0.292,0.176,4.18611609832644e-08,TLR5,Mic,Up reg
1.71385558030376e-11,1.13420554817363,0.135,0.061,6.54281506336762e-07,HAMP,Mic,Up reg
2.81949902532239e-11,0.698151514131256,0.246,0.147,1.07637194790707e-06,DGLUCY,Mic,Up reg
4.25970370418383e-11,0.705887922373393,0.248,0.149,1.62618448610922e-06,CHPT1,Mic,Up reg
4.32928727252449e-11,1.4615204748709,0.085,0.029,1.65274870915895e-06,CLIC2,Mic,Up reg
1.0700617911314e-10,0.711823955225921,0.183,0.099,4.08506789382325e-06,JAK3,Mic,Up reg
1.1228094337702e-10,1.25421793545494,0.124,0.057,4.28643729436113e-06,PLXNC1,Mic,Up reg
2.07343113989185e-10,1.4204213454741,0.253,0.162,7.91553071965112e-06,FCGBP,Mic,Up reg
3.46074891225676e-10,1.30724162969126,0.106,0.045,1.32117550474314e-05,SAP30,Mic,Up reg
4.44238344566642e-10,0.644944929465907,0.223,0.133,1.69592430421761e-05,LIMK2,Mic,Up reg
8.2505109728703e-10,0.988392592421956,0.138,0.069,3.14971506900296e-05,MAFB,Mic,Up reg
9.24370297521953e-10,0.954688203464974,0.149,0.076,3.52887604781981e-05,FIRRE,Mic,Up reg
9.52280258837283e-10,0.716492807989034,0.196,0.113,3.63542511613721e-05,CTBS,Mic,Up reg
1.16145236733815e-09,0.899561816123874,0.126,0.06,4.43396055755011e-05,PAQR3,Mic,Up reg
1.19622877090392e-09,2.07587455631298,0.048,0.01,4.56672295580281e-05,CEACAM1,Mic,Up reg
1.21035267006693e-09,1.64135145103637,0.071,0.024,4.62064235324753e-05,CYTL1,Mic,Up reg
1.49108966599274e-09,0.726519661727858,0.199,0.116,5.69238390889389e-05,HRH2,Mic,Up reg
1.57131697313474e-09,1.68578861577454,0.076,0.027,5.99865967663918e-05,LINC01146,Mic,Up reg
3.89973665549297e-09,0.808291889412348,0.108,0.048,0.0001488763465601,DSC2,Mic,Up reg
4.75202272790417e-09,0.74660733093213,0.209,0.127,0.00018141321966047,LAIR1,Mic,Up reg
6.6068404911459e-09,1.13907228233444,0.121,0.06,0.000252222742589986,APOC1,Mic,Up reg
7.4783940891648e-09,1.9336913911579,0.047,0.011,0.000285495172747955,HOTAIRM1,Mic,Up reg
8.07245981537575e-09,0.659769665952602,0.227,0.142,0.000308174225911784,C1QA,Mic,Up reg
1.37747709826425e-08,0.971485191035661,0.126,0.064,0.000525865657033359,TTLL4,Mic,Up reg
1.38764363515325e-08,0.807604678129408,0.179,0.106,0.000529746834156106,HEATR3,Mic,Up reg
2.05629063066464e-08,1.27427661823792,0.082,0.033,0.000785009511162532,TMEM71,Mic,Up reg
2.18067562197033e-08,1.67268824916288,0.062,0.021,0.000832494725443395,TSHZ3,Mic,Up reg
4.2716081878691e-08,1.97421110745029,0.044,0.011,0.00163072914180091,AC021594.2,Mic,Up reg
7.97276812348418e-08,0.801131695658609,0.183,0.114,0.00304368395882132,ANKUB1,Mic,Up reg
8.14474818177846e-08,0.948982582492767,0.122,0.065,0.00310933906587575,SLC46A3,Mic,Up reg
8.17473343530663e-08,0.710412454671038,0.13,0.069,0.00312078623626266,ABI3,Mic,Up reg
1.54122845270907e-07,1.18878160866814,0.092,0.044,0.00588379374106216,GBP2,Mic,Up reg
1.5534029243785e-07,2.22314362476173,0.042,0.011,0.00593027100410738,HTR7,Mic,Up reg
1.92269620362046e-07,0.956716264858622,0.092,0.043,0.00734008502694146,RNF180,Mic,Up reg
2.95867569472547e-07,1.95066025490696,0.04,0.01,0.011295040332184,NOD2,Mic,Up reg
2.97120843961449e-07,1.68360471061981,0.071,0.03,0.0113428853390723,SH2D4A,Mic,Up reg
3.91198912442753e-07,1.0667708703351,0.072,0.031,0.0149344096814145,EZH2,Mic,Up reg
5.83925364195074e-07,0.964838065469792,0.059,0.022,0.0222919347035111,TGFBI,Mic,Up reg
6.22424491451355e-07,1.14282990757594,0.055,0.02,0.0237616773856469,ZNF557,Mic,Up reg
6.92989555787049e-07,1.23091559166541,0.062,0.025,0.0264555692817264,RNF175,Mic,Up reg
8.33387643395426e-07,0.651394720747741,0.112,0.06,0.0318154066742638,AC106791.1,Mic,Up reg
8.49917141771595e-07,1.19127540781714,0.076,0.034,0.0324464368042724,SLC25A43,Mic,Up reg
1.03151012044656e-06,0.628710804542988,0.133,0.076,0.0393789303581679,CASP4,Mic,Up reg
1.03764781802746e-06,0.722545007987522,0.131,0.076,0.0396132431010163,GPR65,Mic,Up reg
1.10764768122785e-06,0.647579878472494,0.128,0.074,0.0422855578785544,PIK3IP1,Mic,Up reg
1.30848744826484e-06,1.54667795470498,0.036,0.01,0.0499528168249584,VNN2,Mic,Up reg
0,-1.26927191818689,0.211,0.507,0,LURAP1L-AS1,Oli,Down reg
2.43629571995774e-281,-1.00436248208652,0.169,0.355,9.30080254051066e-277,PWRN1,Oli,Down reg
8.29304845158491e-240,-0.679480418956021,0.479,0.642,3.16595417687706e-235,CNDP1,Oli,Down reg
1.31612929041928e-238,-0.83009701668144,0.264,0.439,5.02445517910465e-234,EEPD1,Oli,Down reg
7.19840537595069e-188,-0.99872957443031,0.135,0.271,2.74806323632294e-183,AC066613.2,Oli,Down reg
1.21589609062886e-176,-0.808847830354072,0.244,0.389,4.64180491558474e-172,DTNA,Oli,Down reg
6.89916137651478e-160,-1.35918812371203,0.057,0.154,2.63382384709828e-155,PI16,Oli,Down reg
1.68593294462431e-110,-0.798824288349281,0.131,0.23,6.43621760939778e-106,ARHGEF3,Oli,Down reg
2.57216627930494e-105,-0.699105818089334,0.14,0.239,9.81950198787454e-101,SEMA5A,Oli,Down reg
1.04478247133492e-80,-1.83030086570883,0.026,0.074,3.98856156256821e-76,HSPA1B,Oli,Down reg
4.90380744910764e-60,-1.04744964849627,0.037,0.081,1.87207753177133e-55,COL18A1,Oli,Down reg
4.60701193480623e-59,-1.41923156840159,0.063,0.115,1.75877287623163e-54,HSPA1A,Oli,Down reg
1.80499778821657e-58,-1.38543912461813,0.02,0.055,6.89075955629559e-54,HLA-DMA,Oli,Down reg
6.17341247177783e-58,-0.986681729934051,0.019,0.054,2.35676194522591e-53,TRPM1,Oli,Down reg
5.44555791556645e-29,-0.88435120948651,0.031,0.057,2.07889618984665e-24,NECTIN3-AS1,Oli,Down reg
1.75202952154241e-26,-0.774115064595545,0.038,0.065,6.68854790144031e-22,IFNG-AS1,Oli,Down reg
8.10763991286851e-21,-1.13112890765294,0.013,0.028,3.09517261313668e-16,SLC2A1-AS1,Oli,Down reg
1.98654604460173e-14,-1.05559267282835,0.018,0.032,7.58383817987155e-10,TUBB2A,Oli,Down reg
5.19928087172555e-13,-0.921737925531758,0.022,0.036,1.98487746558995e-08,RGS4,Oli,Down reg
3.91283657920102e-12,-0.611072669777649,0.05,0.068,1.49376449247578e-07,UFL1-AS1,Oli,Down reg
8.61295564228602e-10,-0.702028382435703,0.053,0.069,3.28808194599911e-05,STMN2,Oli,Down reg
3.49969087509791e-08,-0.861286795381845,0.02,0.03,0.00133604198847738,NDRG4,Oli,Down reg
3.10442115090991e-07,-0.639598896762334,0.01,0.016,0.0118514381857137,AC132803.1,Oli,Down reg
0,-2.60624170535533,0.124,0.54,0,SPRY4-AS1,In,Down reg
6.92327896649168e-277,-1.06021626620994,0.265,0.55,2.64303097824786e-272,SPRED2,In,Down reg
4.79473994933658e-271,-2.39960130123724,0.03,0.219,1.83043992305873e-266,ETV5,In,Down reg
3.79636322976434e-235,-1.02347389885543,0.228,0.488,1.44929962659483e-230,ANKRD55,In,Down reg
4.02289600951911e-230,-0.70413725106433,0.721,0.884,1.53578078059401e-225,PDE10A,In,Down reg
3.55752769670072e-226,-0.836083217610233,0.323,0.592,1.35812177349247e-221,SPRED1,In,Down reg
1.6767153607304e-204,-2.75664419648241,0.024,0.17,6.40102856112437e-200,SST,In,Down reg
1.94493781535434e-195,-0.955720075517474,0.198,0.424,7.42499460389671e-191,BEX3,In,Down reg
7.01428344598648e-187,-0.702769777617847,0.324,0.574,2.6777728483398e-182,CAMK2N1,In,Down reg
6.48798457865747e-186,-1.26471487677651,0.12,0.315,2.47685299274828e-181,NAP1L5,In,Down reg
4.56975052787855e-165,-1.20987030715181,0.192,0.396,1.74454796152292e-160,SCG2,In,Down reg
2.57613790530543e-161,-0.691462515276373,0.307,0.532,9.83466406729399e-157,YWHAB,In,Down reg
6.40905894833693e-157,-3.22023997853962,0.007,0.107,2.4467223441171e-152,VGF,In,Down reg
6.81913823134818e-147,-0.917965840620792,0.15,0.332,2.60327421119948e-142,NAP1L2,In,Down reg
4.3202827807662e-139,-0.672103287018661,0.333,0.54,1.6493111543853e-134,LRP8,In,Down reg
9.17121654323951e-138,-0.629543907010459,0.264,0.477,3.50120362754712e-133,TOMM20,In,Down reg
4.554112158029e-136,-0.764089667999899,0.156,0.332,1.73857785744915e-131,BEX1,In,Down reg
1.39962272787444e-133,-1.16705160259724,0.096,0.247,5.34319972593344e-129,RAB3A,In,Down reg
5.12643705791322e-126,-0.608796567226623,0.323,0.529,1.95706861122895e-121,PGM2L1,In,Down reg
1.83493781232364e-125,-0.817873304791117,0.199,0.378,7.00505859232674e-121,EID1,In,Down reg
2.54280248582499e-114,-1.02648985394424,0.094,0.231,9.70740276988548e-110,RND3,In,Down reg
6.30851372110815e-112,-2.58561611392692,0.013,0.097,2.40833819817025e-107,LINC01844,In,Down reg
8.77084511756767e-108,-0.838642123175882,0.123,0.267,3.34835783208263e-103,CYCS,In,Down reg
4.7379255100118e-105,-2.56411585671787,0.018,0.102,1.80875044270211e-100,CRH,In,Down reg
1.19948903458042e-99,-1.38160937766007,0.048,0.15,4.57916933841423e-95,TSIX,In,Down reg
1.2293210701278e-99,-1.79032817626859,0.033,0.125,4.69305611731991e-95,CBLN4,In,Down reg
1.74849352189922e-90,-0.946537126842072,0.118,0.243,6.67504886920247e-86,RGS4,In,Down reg
1.27665555751758e-89,-0.653308484949914,0.269,0.429,4.87376025637911e-85,AP1S2,In,Down reg
1.30735365386462e-88,-0.761465754853608,0.113,0.239,4.99095330899357e-84,FAT1,In,Down reg
1.93586063370617e-87,-0.946193420300893,0.076,0.185,7.39034155523668e-83,LDHA,In,Down reg
7.37597600778798e-86,-0.634453360502936,0.115,0.241,2.81585260073314e-81,CHGB,In,Down reg
1.13297341551221e-84,-1.126038075813,0.051,0.145,4.32523931105942e-80,NDUFB10,In,Down reg
7.11928743229283e-84,-0.674314241157409,0.119,0.244,2.71785917015211e-79,UBQLN2,In,Down reg
5.27366135094257e-83,-0.780345575910064,0.087,0.198,2.01327295733583e-78,DYNLT3,In,Down reg
3.70193333217776e-82,-1.16612261777323,0.046,0.135,1.41325006889218e-77,PNOC,In,Down reg
2.29981045415324e-79,-1.67836259839443,0.022,0.093,8.7797563897754e-75,CCDC184,In,Down reg
3.25747537121418e-76,-0.668424602917707,0.045,0.131,1.24357379771472e-71,BEX5,In,Down reg
3.28909276191209e-76,-0.812992995780735,0.087,0.192,1.25564405278756e-71,RFK,In,Down reg
5.07046345860828e-74,-0.896546495313605,0.068,0.164,1.9357001299583e-69,TCEAL7,In,Down reg
5.37880233823246e-74,-0.999462233589362,0.05,0.136,2.05341158064362e-69,GNG3,In,Down reg
9.30456910817903e-72,-0.735454430037688,0.086,0.188,3.55211230273843e-67,MOAP1,In,Down reg
9.6436655394005e-69,-4.20613067304878,0.003,0.047,3.68156575632154e-64,FOS,In,Down reg
2.55814279212214e-60,-1.90836174754259,0.013,0.063,9.76596592320549e-56,DUSP4,In,Down reg
2.24314912004369e-58,-1.21789366153323,0.021,0.078,8.56344608067879e-54,SPRED3,In,Down reg
3.49290506824293e-58,-1.42290526491449,0.023,0.08,1.33345143885242e-53,HSPA1B,In,Down reg
8.1164189472864e-56,-0.61241715040206,0.07,0.152,3.09852409731606e-51,FBXO45,In,Down reg
4.72977800558078e-55,-0.79023302424372,0.061,0.137,1.80564005141052e-50,COPS7A,In,Down reg
1.98547859289789e-53,-0.631380677199161,0.098,0.186,7.579763076247e-49,NOTCH2,In,Down reg
3.59930503087741e-53,-0.665568241715276,0.056,0.129,1.37407068858776e-48,NDUFB11,In,Down reg
1.86981939291614e-51,-0.753003358884142,0.063,0.137,7.13822251439666e-47,PRDX5,In,Down reg
5.1653190764298e-51,-0.675850409218405,0.047,0.114,1.97191221061784e-46,GADD45GIP1,In,Down reg
5.26192899576e-51,-0.77933285742094,0.047,0.113,2.00879401342134e-46,NMU,In,Down reg
7.84563364030377e-51,-3.15869635140552,0.004,0.039,2.99514909852237e-46,EGR1,In,Down reg
1.41372812409523e-50,-0.88724080003812,0.059,0.129,5.39704848654596e-46,LBH,In,Down reg
1.4220150753066e-50,-0.606883178067574,0.068,0.143,5.42868475149046e-46,ATP6V1G2,In,Down reg
1.77614269775581e-50,-0.788531963609277,0.058,0.128,6.78060236295257e-46,SHROOM3,In,Down reg
1.85761402702547e-49,-1.37645588004837,0.014,0.059,7.09162730957243e-45,SPATA2L,In,Down reg
3.04392947847679e-49,-0.617721803263778,0.081,0.16,1.1620505177033e-44,RNF152,In,Down reg
1.95424777083224e-47,-0.878892640670052,0.036,0.093,7.46053628992915e-43,TCEAL8,In,Down reg
3.13125973480347e-46,-1.81091338024465,0.012,0.054,1.19538971635857e-41,NR4A1,In,Down reg
1.10656874810696e-45,-1.93619408650653,0.008,0.044,4.22443685277311e-41,NR4A3,In,Down reg
5.17123797615393e-45,-1.21404951062964,0.017,0.061,1.97417180977652e-40,ISG15,In,Down reg
2.32204424739163e-43,-0.659291188342563,0.047,0.107,8.86463611884228e-39,DNAJB9,In,Down reg
7.48655543187981e-43,-1.2067900497061,0.087,0.158,2.85806740167444e-38,VIP,In,Down reg
8.01035311506823e-43,-0.82818683786564,0.211,0.305,3.05803240520845e-38,CXCL14,In,Down reg
2.12556619002431e-42,-0.773635309149748,0.067,0.134,8.11456148703682e-38,ID2,In,Down reg
4.5357633584278e-41,-0.704308971021727,0.045,0.103,1.73157301971339e-36,AC124016.2,In,Down reg
1.44451660161985e-40,-0.74040202708729,0.061,0.124,5.51458657834392e-36,MAGEE1,In,Down reg
4.16691645985333e-40,-1.00650864582765,0.025,0.071,1.59076202771361e-35,ZNF215,In,Down reg
4.57060510130496e-39,-0.650544887842214,0.051,0.109,1.74487420347418e-34,SPRY2,In,Down reg
2.81487704854552e-38,-1.35729652903571,0.023,0.066,1.07460746205274e-33,TRPC7,In,Down reg
4.49941176398029e-38,-1.22432525949409,0.02,0.06,1.71769543501711e-33,HLA-DMA,In,Down reg
1.7261982903421e-37,-0.722303794893135,0.04,0.091,6.58993459320998e-33,LINC02196,In,Down reg
3.02486245296285e-37,-0.663003909412314,0.07,0.132,1.1547714900431e-32,RASGRF2-AS1,In,Down reg
7.79561692039151e-37,-1.02014480255517,0.023,0.065,2.97605471552866e-32,CD24,In,Down reg
4.49064544586073e-35,-0.859295682939817,0.034,0.08,1.71434880541179e-30,PPEF1,In,Down reg
3.30902775216422e-34,-0.821182547946394,0.021,0.06,1.26325443466621e-29,TRIB2,In,Down reg
6.39821215010053e-34,-0.675614776419081,0.049,0.101,2.44258147042238e-29,EIF5A2,In,Down reg
4.33978570278791e-32,-0.810609239635772,0.03,0.071,1.65675658989631e-27,PROM1,In,Down reg
7.64978484766004e-32,-0.860447557005167,0.039,0.084,2.9203818634427e-27,ADGRG6,In,Down reg
1.7637430254141e-31,-0.617316647935374,0.252,0.341,6.73326537382087e-27,RELN,In,Down reg
4.2356104554225e-31,-1.03832500241437,0.021,0.057,1.6169866474621e-26,TRAPPC1,In,Down reg
5.70119639522414e-31,-0.853117492919364,0.03,0.071,2.17648873584077e-26,LINC01482,In,Down reg
1.53446385489724e-30,-0.997352988513836,0.018,0.052,5.85796921245571e-26,AL132996.1,In,Down reg
1.77755713933568e-30,-0.745981133606233,0.028,0.067,6.7860021351279e-26,LINC02133,In,Down reg
2.00820278448933e-30,-0.736272499536553,0.082,0.141,7.66651495006647e-26,COL5A2,In,Down reg
4.79945141417626e-30,-0.945004070312061,0.011,0.04,1.83223857187593e-25,HLA-C,In,Down reg
2.85941704750052e-28,-0.686528659297259,0.035,0.076,1.0916110520538e-23,FAM89A,In,Down reg
3.94034787443077e-28,-0.732396284481825,0.035,0.075,1.50426720454269e-23,ATP2B1-AS1,In,Down reg
7.46333899462612e-28,-0.744163658042105,0.047,0.092,2.84920429458847e-23,LINC02144,In,Down reg
3.68621227264641e-27,-0.768580770073739,0.02,0.053,1.40724839720549e-22,TUNAR,In,Down reg
7.08066186077864e-27,-2.3597865151297,0.001,0.019,2.70311347197086e-22,LINC02470,In,Down reg
9.80314224530413e-26,-3.14850833032017,0.001,0.018,3.7424475835673e-21,FOSB,In,Down reg
4.2301050331927e-24,-0.703692947271118,0.07,0.118,1.61488489747165e-19,ADAMTS20,In,Down reg
1.4501045291773e-23,-0.657794868620904,0.044,0.084,5.53591905058727e-19,TSHR,In,Down reg
2.66378670359072e-22,-0.706855578334318,0.024,0.054,1.01692721196279e-17,MTHFD2,In,Down reg
4.07440442926968e-22,-0.896484443458899,0.018,0.046,1.55544463491799e-17,PCSK1,In,Down reg
5.14499064971624e-22,-0.972182584447766,0.031,0.063,1.96415163043567e-17,OSTN,In,Down reg
1.10685732764013e-21,-1.00013436108745,0.066,0.109,4.22553853399895e-17,PVALB,In,Down reg
4.34522582338944e-19,-0.612898691648618,0.016,0.04,1.65883341033715e-14,AC005064.1,In,Down reg
5.00032325903272e-14,-0.691024475935756,0.016,0.034,1.90892340736833e-09,BAIAP2-DT,In,Down reg
2.0567522220847e-11,-0.705681183758764,0.018,0.035,7.85185728303053e-07,GDNF-AS1,In,Down reg
1.49726529413414e-10,-0.636460906222628,0.014,0.028,5.71595998688649e-06,GSG1L2,In,Down reg
1.64622979752333e-10,-1.34735117067447,0.008,0.02,6.28464687502507e-06,HOMER3,In,Down reg
1.54543292014881e-09,-0.94908921754856,0.007,0.017,5.89984471596008e-05,AL590302.2,In,Down reg
0,-2.44730478943513,0.16,0.463,0,SPRY4-AS1,Ex,Down reg
0,-0.860334738536617,0.819,0.903,0,PDE10A,Ex,Down reg
6.75247156873416e-279,-1.03870383198259,0.232,0.415,2.57782354607995e-274,ETV5,Ex,Down reg
9.6650465815242e-246,-0.63285671098872,0.53,0.689,3.68972818296268e-241,CHKA,Ex,Down reg
1.37991884240123e-245,-0.638515370882302,0.597,0.735,5.26797817275093e-241,SPRED1,Ex,Down reg
1.36201442940353e-178,-1.88658223025042,0.043,0.134,5.19962628569091e-174,DUSP6,Ex,Down reg
2.11963433765807e-177,-0.777893854570117,0.392,0.547,8.09191604744345e-173,RGS4,Ex,Down reg
7.08893429926513e-177,-1.84927429602384,0.047,0.139,2.70627155808746e-172,VGF,Ex,Down reg
1.56343966383941e-168,-1.88339816860479,0.051,0.143,5.96858726067335e-164,EGR1,Ex,Down reg
1.77319698429932e-168,-0.816977099159668,0.212,0.353,6.76935680726107e-164,UST,Ex,Down reg
4.55566430862414e-145,-2.0973888521582,0.018,0.08,1.73917040646035e-140,LINC01844,Ex,Down reg
1.13391672138544e-136,-1.24664921212827,0.055,0.138,4.32884047556104e-132,NPTX2,Ex,Down reg
2.85912864933946e-128,-0.730661683248476,0.369,0.499,1.09150095317183e-123,BEX3,Ex,Down reg
2.4305163335361e-126,-1.06726799950921,0.132,0.235,9.27873915490741e-122,ETV1,Ex,Down reg
2.06718355021363e-123,-0.823613783949038,0.129,0.233,7.89167992129556e-119,PER2,Ex,Down reg
1.36178037751042e-120,-1.61177299784297,0.034,0.1,5.19873276918378e-116,MIDN,Ex,Down reg
1.98443268060128e-117,-1.77668319929826,0.025,0.084,7.57577020146345e-113,SPRY4,Ex,Down reg
7.74667185436253e-114,-1.5716324500098,0.034,0.097,2.95736944712144e-109,AC097480.1,Ex,Down reg
1.42564019288876e-109,-0.771776063564892,0.17,0.273,5.44252400037211e-105,NECTIN3-AS1,Ex,Down reg
2.3304266344726e-109,-0.817949977284087,0.234,0.346,8.8966367197626e-105,TPI1,Ex,Down reg
1.95245213831413e-107,-0.705829510646769,0.277,0.397,7.45368128322802e-103,RPL35,Ex,Down reg
6.8508566931345e-104,-0.985737920285945,0.116,0.204,2.61538305117103e-99,BEX5,Ex,Down reg
4.57746458632419e-101,-0.747182935055162,0.237,0.348,1.74749288047512e-96,ATP5F1E,Ex,Down reg
1.89474848877262e-98,-1.49033592023166,0.026,0.08,7.23339183073835e-94,HLA-DMA,Ex,Down reg
3.19724694077223e-94,-0.733600500234358,0.163,0.259,1.22058099210921e-89,TMEM160,Ex,Down reg
6.53212358447063e-94,-0.743249496541203,0.436,0.54,2.49370349960751e-89,CCK,Ex,Down reg
1.79291152967566e-93,-0.641565923019208,0.312,0.428,6.84461905568981e-89,COX4I1,Ex,Down reg
3.16184514676979e-92,-0.982939860329814,0.071,0.143,1.20706600323084e-87,TRIB2,Ex,Down reg
2.14992585095099e-83,-0.838879844186772,0.058,0.121,8.2075569285905e-79,NOX5,Ex,Down reg
5.90565466902682e-83,-1.32084077761208,0.036,0.088,2.25454272644768e-78,VEGFA,Ex,Down reg
8.12181697274358e-83,-0.645243810014371,0.245,0.346,3.10058484751459e-78,RPL36,Ex,Down reg
1.51627255314538e-82,-1.1295436727499,0.072,0.138,5.78852209888782e-78,AURKAIP1,Ex,Down reg
3.17641445081499e-81,-0.668580208812726,0.25,0.346,1.21262798074313e-76,PCSK1,Ex,Down reg
2.07025184021854e-80,-0.638442385529189,0.247,0.345,7.90339342521831e-76,MZT2B,Ex,Down reg
7.31731810004111e-80,-1.61752616316473,0.01,0.045,2.79345935787169e-75,AC243829.2,Ex,Down reg
1.45875708315805e-75,-0.638084073180648,0.189,0.279,5.56895104066417e-71,TOMM7,Ex,Down reg
3.47893972401466e-75,-0.629939730199129,0.203,0.293,1.32812002903984e-70,CYCS,Ex,Down reg
3.60726404115478e-74,-1.07308436498601,0.049,0.104,1.37710912035125e-69,AL162231.1,Ex,Down reg
1.10691512006645e-70,-0.643800320909719,0.098,0.167,4.22575916236569e-66,AL022068.1,Ex,Down reg
4.19633291333072e-69,-0.853168333940306,0.118,0.189,1.60199205299314e-64,PRDX5,Ex,Down reg
4.51912631197949e-66,-0.616500480035648,0.111,0.18,1.72522166086129e-61,NEUROD6,Ex,Down reg
7.77561905078557e-66,-0.751714997983872,0.233,0.317,2.9684203288279e-61,AC093607.1,Ex,Down reg
5.76673235451278e-63,-0.690680787963609,0.211,0.294,2.2015077436588e-58,COX5B,Ex,Down reg
7.1495093513235e-63,-0.677421265308379,0.119,0.188,2.72939668996126e-58,EEF1B2,Ex,Down reg
1.47291202783446e-62,-0.740369642676996,0.111,0.176,5.62298895746084e-58,TSIX,Ex,Down reg
1.48296849769051e-62,-0.82208478320507,0.108,0.173,5.66138053678329e-58,UQCRQ,Ex,Down reg
1.49039976015361e-61,-1.44836884889405,0.021,0.058,5.68975012436243e-57,LINC02364,Ex,Down reg
1.05757997065995e-60,-0.656803385425095,0.18,0.256,4.03741729599141e-56,NAP1L5,Ex,Down reg
3.34788619531935e-59,-0.795055589386396,0.116,0.181,1.27808903392512e-54,NDUFB10,Ex,Down reg
1.2334313374029e-58,-1.57485887107542,0.021,0.055,4.7087474736693e-54,ARL4D,Ex,Down reg
1.67362157505786e-58,-0.818084992261754,0.099,0.161,6.3892177249409e-54,DRAP1,Ex,Down reg
7.40406170824573e-58,-0.990515370318934,0.037,0.079,2.82657459773989e-53,SPRED3,Ex,Down reg
7.73511389763105e-56,-0.778404137989926,0.113,0.175,2.95295708155963e-51,NDUFB7,Ex,Down reg
2.95169740421204e-55,-0.609986824106896,0.187,0.261,1.12684000103199e-50,SCG2,Ex,Down reg
8.24710023999356e-55,-3.24201469983093,0.002,0.02,3.14841298761994e-50,CRH,Ex,Down reg
5.3283233346835e-53,-0.645366804360016,0.109,0.169,2.03414071624877e-48,EGR3,Ex,Down reg
9.95821873970159e-53,-2.23584399556818,0.009,0.033,3.80164958606848e-48,DUSP4,Ex,Down reg
1.13269152961066e-48,-1.21010701548801,0.029,0.064,4.32416318344166e-44,KLF10,Ex,Down reg
3.19613238293562e-47,-0.908762583958571,0.083,0.132,1.2201554985095e-42,GADD45GIP1,Ex,Down reg
2.05345534874484e-46,-0.62437481863301,0.137,0.198,7.83927113936831e-42,NEDD9,Ex,Down reg
5.84881355755323e-45,-0.940814372638632,0.029,0.063,2.23284306373152e-40,SOX4,Ex,Down reg
1.24376049395908e-43,-0.685923228807106,0.074,0.121,4.74818006173817e-39,CD53,Ex,Down reg
1.94162036684238e-40,-1.61277395605271,0.013,0.036,7.41232991245746e-36,LBH,Ex,Down reg
1.82910344347572e-39,-0.659301596254653,0.05,0.088,6.98278530581289e-35,AC008780.2,Ex,Down reg
1.19146031212886e-38,-0.731771282432392,0.047,0.083,4.54851888758313e-34,AC024257.3,Ex,Down reg
1.54270234926629e-38,-0.63218600126056,0.093,0.141,5.88942048855898e-34,PSMC3,Ex,Down reg
1.31071937490038e-37,-0.743561524212218,0.038,0.071,5.0038022856197e-33,WDR97,Ex,Down reg
4.45249430672769e-36,-0.693268403530071,0.092,0.137,1.69978422653636e-31,PCDH8,Ex,Down reg
4.06467427095603e-33,-0.779639924371455,0.091,0.134,1.55173004968017e-28,NDUFB11,Ex,Down reg
1.93054802295367e-31,-0.852081448740266,0.034,0.062,7.37006013242791e-27,CCDC184,Ex,Down reg
3.48984402217565e-31,-0.655828473035728,0.073,0.111,1.33228285390578e-26,MRPL51,Ex,Down reg
1.09513441806853e-30,-0.811764275227342,0.023,0.047,4.18078515441842e-26,WFDC2,Ex,Down reg
5.35558564375911e-30,-0.646139842189243,0.04,0.07,2.04454837536148e-25,AC079340.1,Ex,Down reg
7.21153676889332e-30,-1.57949819792533,0.012,0.031,2.75307627689271e-25,LINC02470,Ex,Down reg
1.7886936945486e-28,-0.675586269745222,0.054,0.086,6.82851704830874e-24,PTGS2,Ex,Down reg
5.63533209733446e-28,-0.743984330245659,0.069,0.103,2.1513443814784e-23,ETFB,Ex,Down reg
2.12071471240217e-25,-0.902712165240324,0.03,0.054,8.09604048606654e-21,AL390778.1,Ex,Down reg
1.64248330498438e-23,-1.44306766946627,0.005,0.017,6.27034426510837e-19,LDHC,Ex,Down reg
1.90074952731497e-23,-0.768803441689067,0.027,0.049,7.25630139547764e-19,ZNF710-AS1,Ex,Down reg
2.29653607602483e-23,-0.790403022194792,0.037,0.061,8.76725612383239e-19,MRPL54,Ex,Down reg
5.85250628949986e-23,-0.971152330691466,0.016,0.033,2.23425280107947e-18,LINC01501,Ex,Down reg
6.22645661776936e-23,-2.04496387302054,0.003,0.013,2.37701207839963e-18,TRIB1,Ex,Down reg
1.13576434685987e-22,-0.719570667047994,0.047,0.074,4.33589397057223e-18,TRAPPC1,Ex,Down reg
3.72103824475367e-19,-0.800688208520865,0.019,0.035,1.42054356031716e-14,ID4,Ex,Down reg
3.85189098284882e-17,-1.40076505311711,0.007,0.017,1.47049790161236e-12,EGR2,Ex,Down reg
1.09555341966572e-15,-0.603545585757503,0.01,0.021,4.18238473491587e-11,AL160396.1,Ex,Down reg
1.18101871451351e-12,-1.47566205469518,0.003,0.01,4.50865704452677e-08,BFSP2-AS1,Ex,Down reg
2.21041693737795e-12,-0.740158271512583,0.015,0.026,8.43848770013405e-08,HLA-C,Ex,Down reg
1.23581508534505e-11,-0.97578243150019,0.014,0.025,4.71784766981327e-07,GAD2,Ex,Down reg
1.98887716736408e-10,-0.637474373818922,0.02,0.032,7.59273747412912e-06,TYRP1,Ex,Down reg
2.64784202912096e-10,-0.655774474362169,0.022,0.034,1.01084017303722e-05,ADAMTS9-AS1,Ex,Down reg
5.04409961478853e-09,-0.850696133319421,0.01,0.018,0.000192563546894167,AC090617.5,Ex,Down reg
7.49389484903333e-139,-1.24044734595984,0.582,0.773,2.86086929756696e-134,ZNF98,Ast,Down reg
6.73098879012433e-97,-1.04196720912951,0.601,0.735,2.56962228051786e-92,GRM3,Ast,Down reg
2.64472218567887e-85,-1.1737229422384,0.389,0.595,1.00964914160477e-80,RERG,Ast,Down reg
7.75466838407104e-84,-0.930201744647921,0.563,0.744,2.96042220230296e-79,AC002429.2,Ast,Down reg
1.07937029677581e-42,-1.50099308714139,0.196,0.335,4.12060404497132e-38,VEGFA,Ast,Down reg
4.00234594269892e-26,-0.886145614695488,0.27,0.379,1.52793558708474e-21,WIF1,Ast,Down reg
1.57870180268426e-24,-1.59451662468464,0.109,0.2,6.02685200192745e-20,ADAMTS9,Ast,Down reg
1.68332170381055e-17,-0.607980377123137,0.498,0.565,6.42624893646715e-13,DAAM2,Ast,Down reg
1.45612383729846e-14,-0.710021581801706,0.235,0.313,5.5588983612706e-10,CALN1,Ast,Down reg
2.7082822935867e-12,-3.3741785222249,0.018,0.053,1.03391384839966e-07,NR4A3,Ast,Down reg
2.48067925779484e-09,-0.891981663505238,0.093,0.14,9.47024113455758e-05,AADAT,Ast,Down reg
1.00614446581577e-08,-0.710361895598075,0.141,0.19,0.00038410571126983,ATP1B1,Ast,Down reg
2.14317101827613e-87,-1.51369953660095,0.415,0.657,8.18176967937096e-83,GPR158,Opc,Down reg
2.36977234310356e-54,-0.72151191971501,0.703,0.822,9.04684289703216e-50,PREX2,Opc,Down reg
1.28780956265863e-45,-0.956395466154561,0.398,0.578,4.9163417864056e-41,RALYL,Opc,Down reg
3.01887160274093e-36,-0.756076569873522,0.429,0.6,1.15248442306238e-31,CDH18,Opc,Down reg
1.31734415465501e-26,-5.22957748044513,0.006,0.081,5.02909304481097e-22,EGR1,Opc,Down reg
4.79556587235607e-22,-1.8338463571771,0.069,0.168,1.83075522743065e-17,GINS3,Opc,Down reg
1.06938507528469e-18,-1.51215269362302,0.088,0.183,4.08248446340684e-14,KCNJ3,Opc,Down reg
1.32473946137428e-07,-1.21796347129691,0.057,0.101,0.00505732536774246,ZNF676,Opc,Down reg
4.73134970564129e-07,-2.73830383532205,0.043,0.081,0.0180624006362562,HSPA1A,Opc,Down reg
8.18763593267271e-93,-2.14899314058714,0.213,0.554,3.12571189365713e-88,AC008691.1,Mic,Down reg
1.2874199927199e-51,-2.94352186142503,0.084,0.292,4.91485456420749e-47,AC008050.1,Mic,Down reg
8.02666080247978e-36,-2.76281994137167,0.052,0.202,3.06425802795468e-31,CD83,Mic,Down reg
8.44584942450526e-23,-4.7986399738135,0.009,0.086,3.22428747629913e-18,NR4A3,Mic,Down reg
4.29843072195415e-16,-1.38019760798496,0.176,0.287,1.64096891241321e-11,MRC1,Mic,Down reg
5.32119991143498e-12,-2.41977633745128,0.016,0.066,2.03142127818942e-07,LDLR,Mic,Down reg
8.82776439493836e-12,-0.855101128120222,0.314,0.4,3.37008733541167e-07,SPARCL1,Mic,Down reg
1.47179348896242e-10,-0.723107713924599,0.548,0.599,5.61871882346293e-06,KHDRBS3,Mic,Down reg
2.58887670931689e-10,-1.59142193370583,0.07,0.139,9.88329572548817e-06,ESRRG,Mic,Down reg
3.36866308233498e-09,-1.68353720802025,0.052,0.109,0.00012860208183122,TSPAN7,Mic,Down reg
1.66779962981661e-08,-1.12831201952272,0.165,0.235,0.000636699186678788,SNAP25,Mic,Down reg
2.37492072677048e-07,-0.791049920183697,0.33,0.383,0.009066497366519,SYT1,Mic,Down reg
6.17332296124906e-07,-0.854827507614665,0.326,0.379,0.0235672777368644,MAP1B,Mic,Down reg
6.72574684887819e-07,-0.83146139752188,0.157,0.221,0.0256762111702774,GPM6A,Mic,Down reg
